Algorithm,Params,Validation,Accuracy,Recall,Precision,F1
BernoulliNB,Default,LOU,0.7307692307692307,0.7307692307692307,0.7307692307692307,0.7307692307692307
