Performance,Mean,STD,Variance,MAX,MIN
Accuracy,0.664479602916,0.107145855815,0.0114802344184,0.785281385281,0.329220779221
Recall,0.780612785016,0.22911081701,0.0524917664711,1.0,0.11875
Precision,0.749073923456,0.0804589701496,0.00647364587753,0.857870987801,0.132727272727
F1,0.734302056146,0.170172034573,0.0289585213507,0.848705401596,0.112781954887
