Algorithm,Params,Validation,Accuracy,Recall,Precision,F1
BernoulliNB,Default,LOU,0.9310344827586207,0.9310344827586207,0.9310344827586207,0.9310344827586207
