Algorithm,Params,Validation,Accuracy,Recall,Precision,F1
Bagging,bootstrap:False-n_estimators:10,LOU,0.90243902439,0.756097560976,0.707317073171,0.731707317073
GaussianNB,Default,LOU,0.853658536585,0.780487804878,0.780487804878,0.780487804878
