Algorithm,Params,Validation,Accuracy,Recall,Precision,F1
RandomForestClassifier,n_estimators:10-criterion:entropy-min_samples_split:2-min_samples_leaf:1-bootstrap:True,LOU,0.8780487804878049,0.7804878048780488,0.7804878048780488,0.7560975609756098
GaussianNB,Default,LOU,0.8536585365853658,0.7804878048780488,0.7804878048780488,0.7804878048780488
