Algorithm,Params,Validation,Accuracy,Recall,Precision,F1
GaussianNB,Default,CV-10,0.8944066530665203,0.8944066530665203,0.9133021705589897,0.8869104458918244
