Performance,Mean,STD,Variance,MAX,MIN
Accuracy,0.8516117094189954,0.029484731464061324,0.0008693493895078078,0.8844147537668118,0.7247644057370142
Recall,0.8515811929079451,0.029279069718323544,0.0008572639235704507,0.8844147537668118,0.7247644057370142
Precision,0.8596031961651641,0.040560263505163986,0.0016451349756083373,0.896894544410717,0.5482932175093547
F1,0.8422161526451664,0.03409887213438366,0.0011627330808370463,0.8746428993153668,0.6214011219182857
