Algorithm,Params,Validation,Accuracy,Recall,Precision,F1
Bagging,bootstrap:True-n_estimators:10,LOU,0.857142857143,0.857142857143,0.857142857143,0.821428571429
DecisionTree,criterion:gini-splitter:best,LOU,0.785714285714,0.857142857143,0.785714285714,0.857142857143
