Algorithm,Params,Validation,Accuracy,Recall,Precision,F1
Bagging,bootstrap:True-n_estimators:10,LOU,0.8571428571428571,0.8571428571428571,0.8214285714285714,0.8571428571428571
Bagging,bootstrap:False-n_estimators:10,LOU,0.8571428571428571,0.8214285714285714,0.8571428571428571,0.8571428571428571
